id,name,nid,pid,status
1,北京,beijing,0,1
2,北京市,beijingshi,1,1
4,西城区,xichengqu,2,1
5,崇文区,chongwenqu,2,1
6,宣武区,xuanwuqu,2,1
7,朝阳区,chaoyangqu,2,1
8,丰台区,fengtaiqu,2,1
9,石景山区,shijingshanqu,2,1
10,海淀区,haidianqu,2,1
12,房山区,fangshanqu,2,1
13,通州区,tongzhouqu,2,1
14,顺义区,shunyiqu,2,1
15,昌平区,changpingqu,2,1
16,大兴区,daxingqu,2,1
17,怀柔区,huairouqu,2,1
18,平谷区,pingguqu,2,1
19,密云县,miyunxian,2,1
20,延庆县,yanqingxian,2,1
21,天津,tianjin,0,1
22,天津市,tianjinshi,21,1
23,和平区,hepingqu,22,1
24,河东区,hedongqu,22,1
25,河西区,hexiqu,22,1
26,南开区,nankaiqu,22,1
27,河北区,hebeiqu,22,1
28,红桥区,hongqiaoqu,22,1
29,塘沽区,tangguqu,22,1
30,汉沽区,hanguqu,22,1
31,大港区,dagangqu,22,1
32,东丽区,dongliqu,22,1
33,西青区,xiqingqu,22,1
34,津南区,jinnanqu,22,1
35,北辰区,beichenqu,22,1
36,武清区,wuqingqu,22,1
37,宝坻区,baoqu,22,1
38,静海县,jinghaixian,22,1
39,蓟县,jixian,22,1
40,上海,shanghai,0,1
41,上海市,shanghaishi,40,1
42,黄浦区,huangpuqu,41,1
43,卢湾区,luwanqu,41,1
44,徐汇区,xuhuiqu,41,1
45,长宁区,changningqu,41,1
46,静安区,jinganqu,41,1
47,普陀区,putuoqu,41,1
48,闸北区,zhabeiqu,41,1
49,虹口区,hongkouqu,41,1
50,杨浦区,yangpuqu,41,1
51,闵行区,xingqu,41,1
52,宝山区,baoshanqu,41,1
53,嘉定区,jiadingqu,41,1
54,浦东新区,pudongxinqu,41,1
55,金山区,jinshanqu,41,1
56,松江区,songjiangqu,41,1
57,青浦区,qingpuqu,41,1
58,南汇区,nanhuiqu,41,1
59,奉贤区,fengxianqu,41,1
60,崇明县,chongmingxian,41,1
61,重庆,zhongqing,0,1
62,重庆市,zhongqingshi,61,1
63,万州区,wanzhouqu,62,1
64,涪陵区,fulingqu,62,1
65,渝中区,yuzhongqu,62,1
66,大渡口区,dadukouqu,62,1
67,江北区,jiangbeiqu,62,1
68,沙坪坝区,shapingbaqu,62,1
69,九龙坡区,jiulongpoqu,62,1
70,南岸区,nananqu,62,1
71,北碚区,beiqu,62,1
72,万盛区,wanshengqu,62,1
73,双桥区,shuangqiaoqu,62,1
74,渝北区,yubeiqu,62,1
75,巴南区,bananqu,62,1
76,黔江区,qianjiangqu,62,1
77,长寿区,changshouqu,62,1
78,潼南县,nanxian,62,1
79,铜梁县,tongliangxian,62,1
80,大足县,dazuxian,62,1
81,荣昌县,rongchangxian,62,1
82,璧山县,shanxian,62,1
83,梁平县,liangpingxian,62,1
84,城口县,chengkouxian,62,1
85,丰都县,fengduxian,62,1
86,垫江县,dianjiangxian,62,1
87,武隆县,wulongxian,62,1
88,忠县,zhongxian,62,1
89,开县,kaixian,62,1
90,云阳县,yunyangxian,62,1
91,奉节县,fengjiexian,62,1
92,巫山县,wushanxian,62,1
93,巫溪县,wuxixian,62,1
94,石柱土家族自治县,shizhutujiazuzizhixian,62,1
95,秀山土家族苗族自治县,xiushantujiazumiaozuzizhixian,62,1
96,酉阳土家族苗族自治县,youyangtujiazumiaozuzizhixian,62,1
97,彭水苗族土家族自治县,pengshuimiaozutujiazuzizhixian,62,1
98,江津市,jiangjinshi,62,1
99,合川市,hechuanshi,62,1
100,永川市,yongchuanshi,62,1
101,南川市,nanchuanshi,62,1
102,河北省,hebeisheng,0,1
103,石家庄,shijiazhuang,102,1
104,市辖区,shixiaqu,103,1
105,长安区,changanqu,103,1
106,桥东区,qiaodongqu,103,1
107,桥西区,qiaoxiqu,103,1
108,新华区,xinhuaqu,103,1
109,井陉矿区,jingkuangqu,103,1
110,裕华区,yuhuaqu,103,1
111,井陉县,jingxian,103,1
112,正定县,zhengdingxian,103,1
113,栾城县,chengxian,103,1
114,行唐县,xingtangxian,103,1
115,灵寿县,lingshouxian,103,1
116,高邑县,gaoyixian,103,1
117,深泽县,shenzexian,103,1
118,赞皇县,zanhuangxian,103,1
119,无极县,wujixian,103,1
120,平山县,pingshanxian,103,1
121,元氏县,yuanshixian,103,1
122,赵县,zhaoxian,103,1
123,辛集市,xinjishi,103,1
124,藁城市,chengshi,103,1
125,晋州市,jinzhoushi,103,1
126,新乐市,xinleshi,103,1
127,鹿泉市,luquanshi,103,1
128,唐山,tangshanshi,102,1
129,市辖区,shixiaqu,128,1
130,路南区,lunanqu,128,1
131,路北区,lubeiqu,128,1
132,古冶区,guyequ,128,1
133,开平区,kaipingqu,128,1
134,丰南区,fengnanqu,128,1
135,丰润区,fengrunqu,128,1
136,滦县,luanxian,128,1
137,滦南县,luannanxian,128,1
138,乐亭县,letingxian,128,1
139,迁西县,qianxixian,128,1
140,玉田县,yutianxian,128,1
141,唐海县,tanghaixian,128,1
142,遵化市,zunhuashi,128,1
143,迁安市,qiananshi,128,1
144,秦皇岛,qinhuangdao,102,1
145,市辖区,shixiaqu,144,1
146,海港区,haigangqu,144,1
147,山海关区,shanhaiguanqu,144,1
148,北戴河区,beidaihequ,144,1
149,青龙满族自治县,qinglongmanzuzizhixian,144,1
150,昌黎县,changlixian,144,1
151,抚宁县,funingxian,144,1
152,卢龙县,lulongxian,144,1
153,邯郸,handan,102,1
154,市辖区,shixiaqu,153,1
155,邯山区,hanshanqu,153,1
156,丛台区,congtaiqu,153,1
157,复兴区,fuxingqu,153,1
158,峰峰矿区,fengfengkuangqu,153,1
159,邯郸县,handanxian,153,1
160,临漳县,linzhangxian,153,1
161,成安县,chenganxian,153,1
162,大名县,damingxian,153,1
163,涉县,shexian,153,1
164,磁县,cixian,153,1
165,肥乡县,feixiangxian,153,1
166,永年县,yongnianxian,153,1
167,邱县,qiuxian,153,1
168,鸡泽县,jizexian,153,1
169,广平县,guangpingxian,153,1
170,馆陶县,guantaoxian,153,1
171,魏县,weixian,153,1
172,曲周县,quzhouxian,153,1
173,武安市,wuanshi,153,1
174,邢台,xingtai,102,1
175,市辖区,shixiaqu,174,1
176,桥东区,qiaodongqu,174,1
177,桥西区,qiaoxiqu,174,1
178,邢台县,xingtaixian,174,1
179,临城县,linchengxian,174,1
180,内丘县,neiqiuxian,174,1
181,柏乡县,baixiangxian,174,1
182,隆尧县,longyaoxian,174,1
183,任县,renxian,174,1
184,南和县,nanhexian,174,1
185,宁晋县,ningjinxian,174,1
186,巨鹿县,juluxian,174,1
187,新河县,xinhexian,174,1
188,广宗县,guangzongxian,174,1
189,平乡县,pingxiangxian,174,1
190,威县,weixian,174,1
191,清河县,qinghexian,174,1
192,临西县,linxixian,174,1
193,南宫市,nangongshi,174,1
194,沙河市,shaheshi,174,1
195,保定,baoding,102,1
196,市辖区,shixiaqu,195,1
197,新市区,xinshiqu,195,1
198,北市区,beishiqu,195,1
199,南市区,nanshiqu,195,1
200,满城县,manchengxian,195,1
201,清苑县,qingyuanxian,195,1
202,涞水县,shuixian,195,1
203,阜平县,fupingxian,195,1
204,徐水县,xushuixian,195,1
205,定兴县,dingxingxian,195,1
206,唐县,tangxian,195,1
207,高阳县,gaoyangxian,195,1
208,容城县,rongchengxian,195,1
209,涞源县,yuanxian,195,1
210,望都县,wangduxian,195,1
211,安新县,anxinxian,195,1
212,易县,yixian,195,1
213,曲阳县,quyangxian,195,1
214,蠡县,xian,195,1
215,顺平县,shunpingxian,195,1
216,博野县,boyexian,195,1
217,雄县,xiongxian,195,1
218,涿州市,zhoushi,195,1
219,定州市,dingzhoushi,195,1
220,安国市,anguoshi,195,1
221,高碑店市,gaobeidianshi,195,1
222,张家口,zhangjiakou,102,1
223,市辖区,shixiaqu,222,1
224,桥东区,qiaodongqu,222,1
225,桥西区,qiaoxiqu,222,1
226,宣化区,xuanhuaqu,222,1
227,下花园区,xiahuayuanqu,222,1
228,宣化县,xuanhuaxian,222,1
229,张北县,zhangbeixian,222,1
230,康保县,kangbaoxian,222,1
231,沽源县,guyuanxian,222,1
232,尚义县,shangyixian,222,1
233,蔚县,weixian,222,1
234,阳原县,yangyuanxian,222,1
235,怀安县,huaianxian,222,1
236,万全县,wanquanxian,222,1
237,怀来县,huailaixian,222,1
238,涿鹿县,luxian,222,1
239,赤城县,chichengxian,222,1
240,崇礼县,chonglixian,222,1
241,承德,chengde,102,1
242,市辖区,shixiaqu,241,1
243,双桥区,shuangqiaoqu,241,1
244,双滦区,shuangluanqu,241,1
245,鹰手营子矿区,yingshouyingzikuangqu,241,1
246,承德县,chengdexian,241,1
247,兴隆县,xinglongxian,241,1
248,平泉县,pingquanxian,241,1
249,滦平县,luanpingxian,241,1
250,隆化县,longhuaxian,241,1
251,丰宁满族自治县,fengningmanzuzizhixian,241,1
252,宽城满族自治县,kuanchengmanzuzizhixian,241,1
253,围场满族蒙古族自治县,weichangmanzumengguzuzizhixian,241,1
254,沧州,cangzhou,102,1
255,市辖区,shixiaqu,254,1
256,新华区,xinhuaqu,254,1
257,运河区,yunhequ,254,1
258,沧县,cangxian,254,1
259,青县,qingxian,254,1
260,东光县,dongguangxian,254,1
261,海兴县,haixingxian,254,1
262,盐山县,yanshanxian,254,1
263,肃宁县,suningxian,254,1
264,南皮县,nanpixian,254,1
265,吴桥县,wuqiaoxian,254,1
266,献县,xianxian,254,1
267,孟村回族自治县,mengcunhuizuzizhixian,254,1
268,泊头市,botoushi,254,1
269,任丘市,renqiushi,254,1
270,黄骅市,huangshi,254,1
271,河间市,hejianshi,254,1
272,廊坊,langfang,102,1
273,市辖区,shixiaqu,272,1
274,安次区,anciqu,272,1
275,广阳区,guangyangqu,272,1
276,固安县,guanxian,272,1
277,永清县,yongqingxian,272,1
278,香河县,xianghexian,272,1
279,大城县,dachengxian,272,1
280,文安县,wenanxian,272,1
281,大厂回族自治县,dachanghuizuzizhixian,272,1
282,霸州市,bazhoushi,272,1
283,三河市,sanheshi,272,1
284,衡水,hengshui,102,1
285,市辖区,shixiaqu,284,1
286,桃城区,taochengqu,284,1
287,枣强县,zaoqiangxian,284,1
288,武邑县,wuyixian,284,1
289,武强县,wuqiangxian,284,1
290,饶阳县,raoyangxian,284,1
291,安平县,anpingxian,284,1
292,故城县,guchengxian,284,1
293,景县,jingxian,284,1
294,阜城县,fuchengxian,284,1
295,冀州市,jizhoushi,284,1
296,深州市,shenzhoushi,284,1
297,山西省,shanxisheng,0,1
298,太原,taiyuan,297,1
299,市辖区,shixiaqu,298,1
300,小店区,xiaodianqu,298,1
301,迎泽区,yingzequ,298,1
302,杏花岭区,xinghualingqu,298,1
303,尖草坪区,jiancaopingqu,298,1
304,万柏林区,wanbailinqu,298,1
305,晋源区,jinyuanqu,298,1
306,清徐县,qingxuxian,298,1
307,阳曲县,yangquxian,298,1
308,娄烦县,loufanxian,298,1
309,古交市,gujiaoshi,298,1
310,大同,datong,297,1
311,市辖区,shixiaqu,310,1
312,城区,chengqu,310,1
313,矿区,kuangqu,310,1
314,南郊区,nanjiaoqu,310,1
315,新荣区,xinrongqu,310,1
316,阳高县,yanggaoxian,310,1
317,天镇县,tianzhenxian,310,1
318,广灵县,guanglingxian,310,1
319,灵丘县,lingqiuxian,310,1
320,浑源县,hunyuanxian,310,1
321,左云县,zuoyunxian,310,1
322,大同县,datongxian,310,1
323,阳泉,yangquan,297,1
324,市辖区,shixiaqu,323,1
325,城区,chengqu,323,1
326,矿区,kuangqu,323,1
327,郊区,jiaoqu,323,1
328,平定县,pingdingxian,323,1
329,盂县,yuxian,323,1
330,长治,changzhi,297,1
331,市辖区,shixiaqu,330,1
332,城区,chengqu,330,1
333,郊区,jiaoqu,330,1
334,长治县,changzhixian,330,1
335,襄垣县,xiangyuanxian,330,1
336,屯留县,tunliuxian,330,1
337,平顺县,pingshunxian,330,1
338,黎城县,lichengxian,330,1
339,壶关县,huguanxian,330,1
340,长子县,changzixian,330,1
341,武乡县,wuxiangxian,330,1
342,沁县,qinxian,330,1
343,沁源县,qinyuanxian,330,1
344,潞城市,luchengshi,330,1
345,晋城,jincheng,297,1
346,市辖区,shixiaqu,345,1
347,城区,chengqu,345,1
348,沁水县,qinshuixian,345,1
349,阳城县,yangchengxian,345,1
350,陵川县,lingchuanxian,345,1
351,泽州县,zezhouxian,345,1
352,高平市,gaopingshi,345,1
353,朔州,shuozhou,297,1
354,市辖区,shixiaqu,353,1
355,朔城区,shuochengqu,353,1
356,平鲁区,pingluqu,353,1
357,山阴县,shanyinxian,353,1
358,应县,yingxian,353,1
359,右玉县,youyuxian,353,1
360,怀仁县,huairenxian,353,1
361,晋中,jinzhong,297,1
362,市辖区,shixiaqu,361,1
363,榆次区,yuciqu,361,1
364,榆社县,yushexian,361,1
365,左权县,zuoquanxian,361,1
366,和顺县,heshunxian,361,1
367,昔阳县,xiyangxian,361,1
368,寿阳县,shouyangxian,361,1
369,太谷县,taiguxian,361,1
370,祁县,qixian,361,1
371,平遥县,pingyaoxian,361,1
372,灵石县,lingshixian,361,1
373,介休市,jiexiushi,361,1
374,运城,yuncheng,297,1
375,市辖区,shixiaqu,374,1
376,盐湖区,yanhuqu,374,1
377,临猗县,linxian,374,1
378,万荣县,wanrongxian,374,1
379,闻喜县,wenxixian,374,1
380,稷山县,shanxian,374,1
381,新绛县,xinxian,374,1
382,绛县,xian,374,1
383,垣曲县,yuanquxian,374,1
384,夏县,xiaxian,374,1
385,平陆县,pingluxian,374,1
386,芮城县,chengxian,374,1
387,永济市,yongjishi,374,1
388,河津市,hejinshi,374,1
389,忻州,xinzhou,297,1
390,市辖区,shixiaqu,389,1
391,忻府区,xinfuqu,389,1
392,定襄县,dingxiangxian,389,1
393,五台县,wutaixian,389,1
394,代县,daixian,389,1
395,繁峙县,fanzhixian,389,1
396,宁武县,ningwuxian,389,1
397,静乐县,jinglexian,389,1
398,神池县,shenchixian,389,1
399,五寨县,wuzhaixian,389,1
400,岢岚县,xian,389,1
401,河曲县,hequxian,389,1
402,保德县,baodexian,389,1
403,偏关县,pianguanxian,389,1
404,原平市,yuanpingshi,389,1
405,临汾,linfen,297,1
406,市辖区,shixiaqu,405,1
407,尧都区,yaoduqu,405,1
408,曲沃县,quwoxian,405,1
409,翼城县,yichengxian,405,1
410,襄汾县,xiangfenxian,405,1
411,洪洞县,hongdongxian,405,1
412,古县,guxian,405,1
413,安泽县,anzexian,405,1
414,浮山县,fushanxian,405,1
415,吉县,jixian,405,1
416,乡宁县,xiangningxian,405,1
417,大宁县,daningxian,405,1
418,隰县,xian,405,1
419,永和县,yonghexian,405,1
420,蒲县,puxian,405,1
421,汾西县,fenxixian,405,1
422,侯马市,houmashi,405,1
423,霍州市,huozhoushi,405,1
424,吕梁,lvliang,297,1
425,市辖区,shixiaqu,424,1
426,离石区,lishiqu,424,1
427,文水县,wenshuixian,424,1
428,交城县,jiaochengxian,424,1
429,兴县,xingxian,424,1
430,临县,linxian,424,1
431,柳林县,liulinxian,424,1
432,石楼县,shilouxian,424,1
433,岚县,xian,424,1
434,方山县,fangshanxian,424,1
435,中阳县,zhongyangxian,424,1
436,交口县,jiaokouxian,424,1
437,孝义市,xiaoyishi,424,1
438,汾阳市,fenyangshi,424,1
439,内蒙古区,neimengguqu,0,1
440,呼和浩特,huhehaote,439,1
441,市辖区,shixiaqu,440,1
442,新城区,xinchengqu,440,1
443,回民区,huiminqu,440,1
444,玉泉区,yuquanqu,440,1
445,赛罕区,saihanqu,440,1
446,土默特左旗,tumotezuoqi,440,1
447,托克托县,tuoketuoxian,440,1
448,和林格尔县,helingeerxian,440,1
449,清水河县,qingshuihexian,440,1
450,武川县,wuchuanxian,440,1
451,包头,baotou,439,1
452,市辖区,shixiaqu,451,1
453,东河区,donghequ,451,1
454,昆都仑区,kundulunqu,451,1
455,青山区,qingshanqu,451,1
456,石拐区,shiguaiqu,451,1
457,白云矿区,baiyunkuangqu,451,1
458,九原区,jiuyuanqu,451,1
459,土默特右旗,tumoteyouqi,451,1
460,固阳县,guyangxian,451,1
461,达尔罕茂明安联合旗,daerhanmaominganlianheqi,451,1
462,乌海,wuhai,439,1
463,市辖区,shixiaqu,462,1
464,海勃湾区,haibowanqu,462,1
465,海南区,hainanqu,462,1
466,乌达区,wudaqu,462,1
467,赤峰,chifeng,439,1
468,市辖区,shixiaqu,467,1
469,红山区,hongshanqu,467,1
470,元宝山区,yuanbaoshanqu,467,1
471,松山区,songshanqu,467,1
472,阿鲁科尔沁旗,alukeerqinqi,467,1
473,巴林左旗,balinzuoqi,467,1
474,巴林右旗,balinyouqi,467,1
475,林西县,linxixian,467,1
476,克什克腾旗,keshiketengqi,467,1
477,翁牛特旗,wengniuteqi,467,1
478,喀喇沁旗,kalaqinqi,467,1
479,宁城县,ningchengxian,467,1
480,敖汉旗,aohanqi,467,1
481,通辽,tongliao,439,1
482,市辖区,shixiaqu,481,1
483,科尔沁区,keerqinqu,481,1
484,科尔沁左翼中旗,keerqinzuoyizhongqi,481,1
485,科尔沁左翼后旗,keerqinzuoyihouqi,481,1
486,开鲁县,kailuxian,481,1
487,库伦旗,kulunqi,481,1
488,奈曼旗,naimanqi,481,1
489,扎鲁特旗,zhaluteqi,481,1
490,霍林郭勒市,huolinguoleshi,481,1
491,鄂尔多斯,eerduosi,439,1
492,东胜区,dongshengqu,491,1
493,达拉特旗,dalateqi,491,1
494,准格尔旗,zhungeerqi,491,1
495,鄂托克前旗,etuokeqianqi,491,1
496,鄂托克旗,etuokeqi,491,1
497,杭锦旗,hangjinqi,491,1
498,乌审旗,wushenqi,491,1
499,伊金霍洛旗,yijinhuoluoqi,491,1
500,呼伦贝尔,hulunbeier,439,1
501,市辖区,shixiaqu,500,1
502,海拉尔区,hailaerqu,500,1
503,阿荣旗,arongqi,500,1
504,莫力达瓦达斡尔族自治旗,molidawadawoerzuzizhiqi,500,1
505,鄂伦春自治旗,elunchunzizhiqi,500,1
506,鄂温克族自治旗,ewenkezuzizhiqi,500,1
507,陈巴尔虎旗,chenbaerhuqi,500,1
508,新巴尔虎左旗,xinbaerhuzuoqi,500,1
509,新巴尔虎右旗,xinbaerhuyouqi,500,1
510,满洲里市,manzhoulishi,500,1
511,牙克石市,yakeshishi,500,1
512,扎兰屯市,zhalantunshi,500,1
513,额尔古纳市,eergunashi,500,1
514,根河市,genheshi,500,1
515,巴彦淖尔,bayannaoer,439,1
516,市辖区,shixiaqu,515,1
517,临河区,linhequ,515,1
518,五原县,wuyuanxian,515,1
519,磴口县,kouxian,515,1
520,乌拉特前旗,wulateqianqi,515,1
521,乌拉特中旗,wulatezhongqi,515,1
522,乌拉特后旗,wulatehouqi,515,1
523,杭锦后旗,hangjinhouqi,515,1
524,乌兰察布,wulanchabu,439,1
525,市辖区,shixiaqu,524,1
526,集宁区,jiningqu,524,1
527,卓资县,zhuozixian,524,1
528,化德县,huadexian,524,1
529,商都县,shangduxian,524,1
530,兴和县,xinghexian,524,1
531,凉城县,liangchengxian,524,1
532,察哈尔右翼前旗,chahaeryouyiqianqi,524,1
533,察哈尔右翼中旗,chahaeryouyizhongqi,524,1
534,察哈尔右翼后旗,chahaeryouyihouqi,524,1
535,四子王旗,siziwangqi,524,1
536,丰镇市,fengzhenshi,524,1
537,兴安盟,xinganmeng,439,1
538,乌兰浩特市,wulanhaoteshi,537,1
539,阿尔山市,aershanshi,537,1
540,科尔沁右翼前旗,keerqinyouyiqianqi,537,1
541,科尔沁右翼中旗,keerqinyouyizhongqi,537,1
542,扎赉特旗,zhateqi,537,1
543,突泉县,tuquanxian,537,1
544,锡林郭勒盟,xilinguolemeng,439,1
545,二连浩特市,erlianhaoteshi,544,1
546,锡林浩特市,xilinhaoteshi,544,1
547,阿巴嘎旗,abagaqi,544,1
548,苏尼特左旗,sunitezuoqi,544,1
549,苏尼特右旗,suniteyouqi,544,1
550,东乌珠穆沁旗,dongwuzhumuqinqi,544,1
551,西乌珠穆沁旗,xiwuzhumuqinqi,544,1
552,太仆寺旗,taipusiqi,544,1
553,镶黄旗,xianghuangqi,544,1
554,正镶白旗,zhengxiangbaiqi,544,1
555,正蓝旗,zhenglanqi,544,1
556,多伦县,duolunxian,544,1
557,阿拉善盟,alashanmeng,439,1
558,阿拉善左旗,alashanzuoqi,557,1
559,阿拉善右旗,alashanyouqi,557,1
560,额济纳旗,ejinaqi,557,1
561,辽宁省,liaoningsheng,0,1
562,沈阳,shenyang,561,1
563,市辖区,shixiaqu,562,1
564,和平区,hepingqu,562,1
565,沈河区,shenhequ,562,1
566,大东区,dadongqu,562,1
567,皇姑区,huangguqu,562,1
568,铁西区,tiexiqu,562,1
569,苏家屯区,sujiatunqu,562,1
570,东陵区,donglingqu,562,1
571,新城子区,xinchengziqu,562,1
572,于洪区,yuhongqu,562,1
573,辽中县,liaozhongxian,562,1
574,康平县,kangpingxian,562,1
575,法库县,fakuxian,562,1
576,新民市,xinminshi,562,1
577,大连,dalian,561,1
578,市辖区,shixiaqu,577,1
579,中山区,zhongshanqu,577,1
580,西岗区,xigangqu,577,1
581,沙河口区,shahekouqu,577,1
582,甘井子区,ganjingziqu,577,1
583,旅顺口区,lvshunkouqu,577,1
584,金州区,jinzhouqu,577,1
585,长海县,changhaixian,577,1
586,瓦房店市,wafangdianshi,577,1
587,普兰店市,pulandianshi,577,1
588,庄河市,zhuangheshi,577,1
589,鞍山,anshan,561,1
590,市辖区,shixiaqu,589,1
591,铁东区,tiedongqu,589,1
592,铁西区,tiexiqu,589,1
593,立山区,lishanqu,589,1
594,千山区,qianshanqu,589,1
595,台安县,taianxian,589,1
596,岫岩满族自治县,yanmanzuzizhixian,589,1
597,海城市,haichengshi,589,1
598,抚顺,fushun,561,1
599,市辖区,shixiaqu,598,1
600,新抚区,xinfuqu,598,1
601,东洲区,dongzhouqu,598,1
602,望花区,wanghuaqu,598,1
603,顺城区,shunchengqu,598,1
604,抚顺县,fushunxian,598,1
605,新宾满族自治县,xinbinmanzuzizhixian,598,1
606,清原满族自治县,qingyuanmanzuzizhixian,598,1
607,本溪,benxi,561,1
608,市辖区,shixiaqu,607,1
609,平山区,pingshanqu,607,1
610,溪湖区,xihuqu,607,1
611,明山区,mingshanqu,607,1
612,南芬区,nanfenqu,607,1
613,本溪满族自治县,benximanzuzizhixian,607,1
614,桓仁满族自治县,huanrenmanzuzizhixian,607,1
615,丹东,dandong,561,1
616,市辖区,shixiaqu,615,1
617,元宝区,yuanbaoqu,615,1
618,振兴区,zhenxingqu,615,1
619,振安区,zhenanqu,615,1
620,宽甸满族自治县,kuandianmanzuzizhixian,615,1
621,东港市,donggangshi,615,1
622,凤城市,fengchengshi,615,1
623,锦州,jinzhou,561,1
624,市辖区,shixiaqu,623,1
625,古塔区,gutaqu,623,1
626,凌河区,linghequ,623,1
627,太和区,taihequ,623,1
628,黑山县,heishanxian,623,1
629,义县,yixian,623,1
630,凌海市,linghaishi,623,1
631,北宁市,beiningshi,623,1
632,营口,yingkou,561,1
633,市辖区,shixiaqu,632,1
634,站前区,zhanqianqu,632,1
635,西市区,xishiqu,632,1
636,鲅鱼圈区,yuquanqu,632,1
637,老边区,laobianqu,632,1
638,盖州市,gaizhoushi,632,1
639,大石桥市,dashiqiaoshi,632,1
640,阜新,fuxin,561,1
641,市辖区,shixiaqu,640,1
642,海州区,haizhouqu,640,1
643,新邱区,xinqiuqu,640,1
644,太平区,taipingqu,640,1
645,清河门区,qinghemenqu,640,1
646,细河区,xihequ,640,1
647,阜新蒙古族自治县,fuxinmengguzuzizhixian,640,1
648,彰武县,zhangwuxian,640,1
649,辽阳,liaoyang,561,1
650,市辖区,shixiaqu,649,1
651,白塔区,baitaqu,649,1
652,文圣区,wenshengqu,649,1
653,宏伟区,hongweiqu,649,1
654,弓长岭区,gongchanglingqu,649,1
655,太子河区,taizihequ,649,1
656,辽阳县,liaoyangxian,649,1
657,灯塔市,dengtashi,649,1
658,盘锦,panjin,561,1
659,市辖区,shixiaqu,658,1
660,双台子区,shuangtaiziqu,658,1
661,兴隆台区,xinglongtaiqu,658,1
663,盘山县,panshanxian,658,1
664,铁岭,tieling,561,1
665,市辖区,shixiaqu,664,1
666,银州区,yinzhouqu,664,1
667,清河区,qinghequ,664,1
668,铁岭县,tielingxian,664,1
669,西丰县,xifengxian,664,1
670,昌图县,changtuxian,664,1
671,调兵山市,diaobingshanshi,664,1
672,开原市,kaiyuanshi,664,1
673,朝阳,chaoyang,561,1
674,市辖区,shixiaqu,673,1
675,双塔区,shuangtaqu,673,1
676,龙城区,longchengqu,673,1
677,朝阳县,chaoyangxian,673,1
678,建平县,jianpingxian,673,1
679,喀喇沁左翼蒙古族自治县,kalaqinzuoyimengguzuzizhixian,673,1
680,北票市,beipiaoshi,673,1
681,凌源市,lingyuanshi,673,1
682,葫芦岛,huludao,561,1
683,市辖区,shixiaqu,682,1
684,连山区,lianshanqu,682,1
685,龙港区,longgangqu,682,1
686,南票区,nanpiaoqu,682,1
687,绥中县,suizhongxian,682,1
688,建昌县,jianchangxian,682,1
689,兴城市,xingchengshi,682,1
690,吉林省,jilinsheng,0,1
691,长春,changchun,690,1
692,市辖区,shixiaqu,691,1
693,南关区,nanguanqu,691,1
694,宽城区,kuanchengqu,691,1
695,朝阳区,chaoyangqu,691,1
696,二道区,erdaoqu,691,1
697,绿园区,lvyuanqu,691,1
698,双阳区,shuangyangqu,691,1
699,农安县,nonganxian,691,1
700,九台市,jiutaishi,691,1
701,榆树市,yushushi,691,1
702,德惠市,dehuishi,691,1
703,吉林,jilin,690,1
704,市辖区,shixiaqu,703,1
705,昌邑区,changyiqu,703,1
706,龙潭区,longtanqu,703,1
707,船营区,chuanyingqu,703,1
708,丰满区,fengmanqu,703,1
709,永吉县,yongjixian,703,1
710,蛟河市,heshi,703,1
711,桦甸市,dianshi,703,1
712,舒兰市,shulanshi,703,1
713,磐石市,panshishi,703,1
714,四平,siping,690,1
715,市辖区,shixiaqu,714,1
716,铁西区,tiexiqu,714,1
717,铁东区,tiedongqu,714,1
718,梨树县,lishuxian,714,1
719,伊通满族自治县,yitongmanzuzizhixian,714,1
720,公主岭市,gongzhulingshi,714,1
721,双辽市,shuangliaoshi,714,1
722,辽源,liaoyuan,690,1
723,市辖区,shixiaqu,722,1
724,龙山区,longshanqu,722,1
725,西安区,xianqu,722,1
726,东丰县,dongfengxian,722,1
727,东辽县,dongliaoxian,722,1
728,通化,tonghua,690,1
729,市辖区,shixiaqu,728,1
730,东昌区,dongchangqu,728,1
731,二道江区,erdaojiangqu,728,1
732,通化县,tonghuaxian,728,1
733,辉南县,huinanxian,728,1
734,柳河县,liuhexian,728,1
735,梅河口市,meihekoushi,728,1
736,集安市,jianshi,728,1
737,白山,baishan,690,1
738,市辖区,shixiaqu,737,1
739,八道江区,badaojiangqu,737,1
740,抚松县,fusongxian,737,1
741,靖宇县,jingyuxian,737,1
742,长白朝鲜族自治县,changbaichaoxianzuzizhixian,737,1
743,江源县,jiangyuanxian,737,1
744,临江市,linjiangshi,737,1
745,松原,songyuan,690,1
746,市辖区,shixiaqu,745,1
747,宁江区,ningjiangqu,745,1
748,前郭尔罗斯蒙古族自治县,qianguoerluosimengguzuzizhixian,745,1
749,长岭县,changlingxian,745,1
750,乾安县,qiananxian,745,1
751,扶余县,fuyuxian,745,1
752,白城,baicheng,690,1
753,市辖区,shixiaqu,752,1
754,洮北区,beiqu,752,1
755,镇赉县,zhenxian,752,1
756,通榆县,tongyuxian,752,1
757,洮南市,nanshi,752,1
758,大安市,daanshi,752,1
759,延边自治州,yanbianzizhizhou,690,1
760,延吉市,yanjishi,759,1
761,图们市,tumenshi,759,1
762,敦化市,dunhuashi,759,1
763,珲春市,chunshi,759,1
764,龙井市,longjingshi,759,1
765,和龙市,helongshi,759,1
766,汪清县,wangqingxian,759,1
767,安图县,antuxian,759,1
768,黑龙江省,heilongjiangsheng,0,1
769,哈尔滨,haerbin,768,1
770,市辖区,shixiaqu,769,1
771,道里区,daoliqu,769,1
772,南岗区,nangangqu,769,1
773,道外区,daowaiqu,769,1
774,香坊区,xiangfangqu,769,1
775,动力区,dongliqu,769,1
776,平房区,pingfangqu,769,1
777,松北区,songbeiqu,769,1
778,呼兰区,hulanqu,769,1
779,依兰县,yilanxian,769,1
780,方正县,fangzhengxian,769,1
781,宾县,binxian,769,1
782,巴彦县,bayanxian,769,1
783,木兰县,mulanxian,769,1
784,通河县,tonghexian,769,1
785,延寿县,yanshouxian,769,1
786,阿城市,achengshi,769,1
787,双城市,shuangchengshi,769,1
788,尚志市,shangzhishi,769,1
789,五常市,wuchangshi,769,1
790,齐齐哈尔,qiqihaer,768,1
791,市辖区,shixiaqu,790,1
792,龙沙区,longshaqu,790,1
793,建华区,jianhuaqu,790,1
794,铁锋区,tiefengqu,790,1
795,昂昂溪区,angangxiqu,790,1
796,富拉尔基区,fulaerjiqu,790,1
797,碾子山区,nianzishanqu,790,1
798,梅里斯达斡尔族区,meilisidawoerzuqu,790,1
799,龙江县,longjiangxian,790,1
800,依安县,yianxian,790,1
801,泰来县,tailaixian,790,1
802,甘南县,gannanxian,790,1
803,富裕县,fuyuxian,790,1
804,克山县,keshanxian,790,1
805,克东县,kedongxian,790,1
806,拜泉县,baiquanxian,790,1
807,讷河市,heshi,790,1
808,鸡西,jixi,768,1
809,市辖区,shixiaqu,808,1
810,鸡冠区,jiguanqu,808,1
811,恒山区,hengshanqu,808,1
812,滴道区,didaoqu,808,1
813,梨树区,lishuqu,808,1
814,城子河区,chengzihequ,808,1
815,麻山区,mashanqu,808,1
816,鸡东县,jidongxian,808,1
817,虎林市,hulinshi,808,1
818,密山市,mishanshi,808,1
819,鹤岗,hegang,768,1
820,市辖区,shixiaqu,819,1
821,向阳区,xiangyangqu,819,1
822,工农区,gongnongqu,819,1
823,南山区,nanshanqu,819,1
824,兴安区,xinganqu,819,1
825,东山区,dongshanqu,819,1
826,兴山区,xingshanqu,819,1
827,萝北县,luobeixian,819,1
828,绥滨县,suibinxian,819,1
829,双鸭山,shuangyashan,768,1
830,市辖区,shixiaqu,829,1
831,尖山区,jianshanqu,829,1
832,岭东区,lingdongqu,829,1
833,四方台区,sifangtaiqu,829,1
834,宝山区,baoshanqu,829,1
835,集贤县,jixianxian,829,1
836,友谊县,youyixian,829,1
837,宝清县,baoqingxian,829,1
838,饶河县,raohexian,829,1
839,大庆,daqing,768,1
840,市辖区,shixiaqu,839,1
841,萨尔图区,saertuqu,839,1
842,龙凤区,longfengqu,839,1
843,让胡路区,ranghuluqu,839,1
844,红岗区,honggangqu,839,1
845,大同区,datongqu,839,1
846,肇州县,zhaozhouxian,839,1
847,肇源县,zhaoyuanxian,839,1
848,林甸县,lindianxian,839,1
849,杜尔伯特蒙古族自治县,duerbotemengguzuzizhixian,839,1
850,伊春,yichun,768,1
851,市辖区,shixiaqu,850,1
852,伊春区,yichunqu,850,1
853,南岔区,nanchaqu,850,1
854,友好区,youhaoqu,850,1
855,西林区,xilinqu,850,1
856,翠峦区,cuiluanqu,850,1
857,新青区,xinqingqu,850,1
858,美溪区,meixiqu,850,1
859,金山屯区,jinshantunqu,850,1
860,五营区,wuyingqu,850,1
861,乌马河区,wumahequ,850,1
862,汤旺河区,tangwanghequ,850,1
863,带岭区,dailingqu,850,1
864,乌伊岭区,wuyilingqu,850,1
865,红星区,hongxingqu,850,1
866,上甘岭区,shangganlingqu,850,1
867,嘉荫县,jiayinxian,850,1
868,铁力市,tielishi,850,1
869,佳木斯,jiamusi,768,1
870,市辖区,shixiaqu,869,1
871,永红区,yonghongqu,869,1
872,向阳区,xiangyangqu,869,1
873,前进区,qianjinqu,869,1
874,东风区,dongfengqu,869,1
875,郊区,jiaoqu,869,1
876,桦南县,nanxian,869,1
877,桦川县,chuanxian,869,1
878,汤原县,tangyuanxian,869,1
879,抚远县,fuyuanxian,869,1
880,同江市,tongjiangshi,869,1
881,富锦市,fujinshi,869,1
882,七台河,qitaihe,768,1
883,市辖区,shixiaqu,882,1
884,新兴区,xinxingqu,882,1
885,桃山区,taoshanqu,882,1
886,茄子河区,qiezihequ,882,1
887,勃利县,bolixian,882,1
888,牡丹江,mudanjiang,768,1
889,市辖区,shixiaqu,888,1
890,东安区,donganqu,888,1
891,阳明区,yangmingqu,888,1
892,爱民区,aiminqu,888,1
893,西安区,xianqu,888,1
894,东宁县,dongningxian,888,1
895,林口县,linkouxian,888,1
896,绥芬河市,suifenheshi,888,1
897,海林市,hailinshi,888,1
898,宁安市,ninganshi,888,1
899,穆棱市,mulengshi,888,1
900,黑河,heihe,768,1
901,市辖区,shixiaqu,900,1
902,爱辉区,aihuiqu,900,1
903,嫩江县,nenjiangxian,900,1
904,逊克县,xunkexian,900,1
905,孙吴县,sunwuxian,900,1
906,北安市,beianshi,900,1
907,五大连池市,wudalianchishi,900,1
908,绥化,suihua,768,1
909,市辖区,shixiaqu,908,1
910,北林区,beilinqu,908,1
911,望奎县,wangkuixian,908,1
912,兰西县,lanxixian,908,1
913,青冈县,qinggangxian,908,1
914,庆安县,qinganxian,908,1
915,明水县,mingshuixian,908,1
916,绥棱县,suilengxian,908,1
917,安达市,andashi,908,1
918,肇东市,zhaodongshi,908,1
919,海伦市,hailunshi,908,1
920,大兴安岭地区,daxinganlingdiqu,768,1
921,呼玛县,humaxian,920,1
922,塔河县,tahexian,920,1
923,漠河县,mohexian,920,1
924,江苏省,jiangsusheng,0,1
925,南京,nanjing,924,1
926,市辖区,shixiaqu,925,1
927,玄武区,xuanwuqu,925,1
928,白下区,baixiaqu,925,1
929,秦淮区,qinhuaiqu,925,1
930,建邺区,jianqu,925,1
931,鼓楼区,gulouqu,925,1
932,下关区,xiaguanqu,925,1
933,浦口区,pukouqu,925,1
934,栖霞区,qixiaqu,925,1
935,雨花台区,yuhuataiqu,925,1
936,江宁区,jiangningqu,925,1
937,六合区,liuhequ,925,1
938,溧水县,shuixian,925,1
939,高淳县,gaochunxian,925,1
940,无锡,wuxi,924,1
941,市辖区,shixiaqu,940,1
942,崇安区,chonganqu,940,1
943,南长区,nanchangqu,940,1
944,北塘区,beitangqu,940,1
945,锡山区,xishanqu,940,1
946,惠山区,huishanqu,940,1
947,滨湖区,binhuqu,940,1
948,江阴市,jiangyinshi,940,1
949,宜兴市,yixingshi,940,1
950,徐州,xuzhou,924,1
951,市辖区,shixiaqu,950,1
952,鼓楼区,gulouqu,950,1
953,云龙区,yunlongqu,950,1
954,九里区,jiuliqu,950,1
955,贾汪区,jiawangqu,950,1
956,泉山区,quanshanqu,950,1
957,丰县,fengxian,950,1
958,沛县,peixian,950,1
959,铜山县,tongshanxian,950,1
960,睢宁县,ningxian,950,1
961,新沂市,xinyishi,950,1
962,邳州市,zhoushi,950,1
963,常州,changzhou,924,1
964,市辖区,shixiaqu,963,1
965,天宁区,tianningqu,963,1
966,钟楼区,zhonglouqu,963,1
967,戚墅堰区,qishuyanqu,963,1
968,新北区,xinbeiqu,963,1
969,武进区,wujinqu,963,1
970,溧阳市,yangshi,963,1
971,金坛市,jintanshi,963,1
972,苏州,suzhou,924,1
973,市辖区,shixiaqu,972,1
974,沧浪区,canglangqu,972,1
975,平江区,pingjiangqu,972,1
976,金阊区,jinqu,972,1
977,虎丘区,huqiuqu,972,1
978,吴中区,wuzhongqu,972,1
979,相城区,xiangchengqu,972,1
980,常熟市,changshushi,972,1
981,张家港市,zhangjiagangshi,972,1
982,昆山市,kunshanshi,972,1
983,吴江市,wujiangshi,972,1
984,太仓市,taicangshi,972,1
985,南通,nantong,924,1
986,市辖区,shixiaqu,985,1
987,崇川区,chongchuanqu,985,1
988,港闸区,gangzhaqu,985,1
989,海安县,haianxian,985,1
990,如东县,rudongxian,985,1
991,启东市,qidongshi,985,1
992,如皋市,rugaoshi,985,1
993,通州市,tongzhoushi,985,1
994,海门市,haimenshi,985,1
995,连云港,lianyungang,924,1
996,市辖区,shixiaqu,995,1
997,连云区,lianyunqu,995,1
998,新浦区,xinpuqu,995,1
999,海州区,haizhouqu,995,1
1000,赣榆县,ganyuxian,995,1
1001,东海县,donghaixian,995,1
1002,灌云县,guanyunxian,995,1
1003,灌南县,guannanxian,995,1
